<project name="My Sample Wicket Site">
  <skin>
    <groupId>org.apache.maven.skins</groupId>
    <artifactId>maven-application-skin</artifactId>
    <version>1.0-SNAPSHOT</version>
  </skin>

  <!-- <bannerLeft>
    <name>Maven</name>
    <src>http://maven.apache.org/images/apache-maven-project.png</src>
    <href>http://maven.apache.org/</href>
  </bannerLeft> -->
  <bannerRight>
    <src>http://maven.apache.org/images/maven-small.gif</src>
  </bannerRight>
  <body>
    <links>
      <item name="Maven 2" href="http://maven.apache.org/"/>
      <item name="Ambient Ideas" href="http://ambientideas.com"/>
    </links>

    <!-- <menu name="Maven 2.0">
    <item name="Introduction" href="index.html"/>
    <item name="Download" href="download.html"/>
    <item name="Release Notes" href="release-notes.html" />
    <item name="General Information" href="about.html"/>
    <item name="For Maven 1.x Users" href="maven1.html"/>
    <item name="Road Map" href="roadmap.html" />
    </menu> -->

    <menu ref="reports"/>
  </body>
</project>