<ejb-jar xmlns="http://java.sun.com/xml/ns/javaee"
xmlns:xsi="http://www.w3.org/2001/XMLSchema-instance"
xsi:schemaLocation="http://java.sun.com/xml/ns/javaee http://java.sun.com/xml/ns/javaee/ejb-jar_3_0.xsd"
version="3.0">
    <enterprise-beans>
        <session>
            <ejb-name>HelloWorldImpl</ejb-name>
            <business-local>com.comverse.testejb.HelloWorldLocal</business-local>
            <business-remote>com.comverse.testejb.HelloWorldRemote</business-remote>
            <ejb-class>com.comverse.testejb.HelloWorldImpl</ejb-class>
            <session-type>Stateless</session-type>
            <transaction-type>Container</transaction-type>
        </session>
    </enterprise-beans>
</ejb-jar>
